<?xml version="1.0" encoding="utf-8"?>
<Elements xmlns="http://schemas.microsoft.com/sharepoint/">
  <ListInstance Title="Contacts"
                OnQuickLaunch="TRUE"
                TemplateType="10000"
                Url="Lists/Contacts"
                Description="My Contacts">
    <Data>
      <Rows>
        <Row>
          <Field Name="FirstName">Brian</Field>
          <Field Name="Title">Cox</Field>
          <Field Name="WorkPhone">555-555-5555</Field>
          <Field Name="Email">brianc@wingtip.com</Field>
        </Row>
        <Row>
          <Field Name="FirstName">Patricia</Field>
          <Field Name="Title">Doyle</Field>
          <Field Name="WorkPhone">555-555-5555</Field>
          <Field Name="Email">patriciad@wingtip.com</Field>
        </Row>
        <Row>
          <Field Name="FirstName">David</Field>
          <Field Name="Title">Yali</Field>
          <Field Name="WorkPhone">555-555-5555</Field>
          <Field Name="Email">davidy@wingtip.com</Field>
        </Row>
      </Rows>
    </Data>
  </ListInstance>
</Elements>
