{
  "$schema": "https://dev.office.com/json-schemas/spfx/client-side-extension-manifest.schema.json",

  "id": "50c1f083-efd5-4fcd-8f7b-f0d8bd2697db",
  "alias": "GreetingsApplicationCustomizer",
  "componentType": "Extension",
  "extensionType": "ApplicationCustomizer",

  // The "*" signifies that the version should be taken from the package.json
  "version": "*",
  "manifestVersion": 2,

  // If true, the component can only be installed on sites where Custom Script is allowed.
  // Components that allow authors to embed arbitrary script code should set this to true.
  // https://support.office.com/en-us/article/Turn-scripting-capabilities-on-or-off-1f2c515f-5d7e-448a-9fd7-835da935584f
  "requiresCustomScript": false
}
