{
  "$schema": "https://dev.office.com/json-schemas/spfx-build/package-solution.schema.json",
  "solution": {
    "name": "hello-app-extension-client-side-solution",
    "id": "b825ca0b-77c8-4708-913c-143402a1e05a",
    "version": "1.3.0.0",
    "features": [
      {
        "title": "Application Extension - Header and Footer.",
        "description": "Deploys a custom action to style the header and footer",
        "id": "d3c89cbc-4374-45ec-87e7-5174e81317c4",
        "version": "1.3.0.0",
        "assets": {
          "elementManifests": [
            "elements.xml"
          ]
        }
      }
    ]
  },
  "paths": {
    "zippedPackage": "solution/hello-app-extension.sppkg"
  }
}
