{
  "$schema": "../../../node_modules/@microsoft/sp-module-interfaces/lib/manifestSchemas/jsonSchemas/clientSideComponentManifestSchema.json",

  "id": "03ebd2df-62c8-4837-b1f0-9492dfaeb742",
  "alias": "FavoritePollWebPart",
  "componentType": "WebPart",
  "version": "*", // The "*" signifies that the version should be taken from the package.json
  "manifestVersion": 2,

  /**
   * This property should only be set to true if it is certain that the webpart does not
   *  allow arbitrary scripts to be called
   */
  "safeWithCustomScriptDisabled": false,

  "preconfiguredEntries": [{
    "groupId": "03ebd2df-62c8-4837-b1f0-9492dfaeb742",
    "group": { "default": "Under Development" },
    "title": { "default": "FavoritePoll" },
    "description": { "default": "A web part for voting up your favorite JS framework" },
    "officeFabricIconFontName": "Page",
    "properties": {
      "description": "FavoritePoll"
    }
  }]
}
