{
  "$schema": "../../../node_modules/@microsoft/sp-module-interfaces/lib/manifestSchemas/jsonSchemas/clientSideComponentManifestSchema.json",

  "id": "cdd537ad-59f4-4d87-ab76-e7cbe1acd578",
  "alias": "HelloUserWebPart",
  "componentType": "WebPart",
  "version": "0.0.1",
  "manifestVersion": 2,

  "preconfiguredEntries": [{
    "groupId": "cdd537ad-59f4-4d87-ab76-e7cbe1acd578",
    "group": { "default": "Under Development" },
    "title": { "default": "HelloUser" },
    "description": { "default": "A webpart to welcome the current user" },
    "officeFabricIconFontName": "Page",
    "properties": {
      "description": "HelloUser"
    }
  }]
}
