{
  "$schema": "https://dev.office.com/json-schemas/spfx-build/package-solution.schema.json",
  "solution": {
    "name": "custom-dialog-client-side-solution",
    "id": "c3b5925e-bc78-4dfa-9f9a-50e802f1934c",
    "version": "1.0.0.0",
    "features": [
      {
        "title": "Application Extension - Deployment of custom action.",
        "description": "Deploys a custom action with ClientSideComponentId association",
        "id": "57765abc-c5ac-4e50-9a1d-2088e8eaed8a",
        "version": "1.0.0.0",
        "assets": {
          "elementManifests": [
            "elements.xml"
          ]
        }
      }
    ]
  },
  "paths": {
    "zippedPackage": "solution/custom-dialog.sppkg"
  }
}
