{
  "$schema": "https://dev.office.com/json-schemas/core-build/serve.schema.json",
  "port": 4321,
  "https": true,
  "serveConfigurations": {
    "default": {
      "pageUrl": "https://contoso.sharepoint.com/sites/mySite/SitePages/myPage.aspx",
      "customActions": {
        "58ae08d7-d859-43a8-85de-09aabc0b253c": {
          "location": "ClientSideExtension.ListViewCommandSet.CommandBar",
          "properties": {
            "sampleTextOne": "One item is selected in the list",
            "sampleTextTwo": "This command is always visible."
          }
        }
      }
    },
    "dialogDemo": {
      "pageUrl": "https://contoso.sharepoint.com/sites/mySite/SitePages/myPage.aspx",
      "customActions": {
        "58ae08d7-d859-43a8-85de-09aabc0b253c": {
          "location": "ClientSideExtension.ListViewCommandSet.CommandBar",
          "properties": {
            "sampleTextOne": "One item is selected in the list",
            "sampleTextTwo": "This command is always visible."
          }
        }
      }
    }
  }
}
