{
  "$schema": "https://dev.office.com/json-schemas/spfx-build/package-solution.schema.json",
  "solution": {
    "name": "field-precent-customizer-client-side-solution",
    "id": "c2a39d41-2dc7-4119-9b09-3fda4736f296",
    "version": "1.0.0.0",
    "features": [
      {
        "title": "Application Extension - Deployment of custom action.",
        "description": "Deploys a custom action with ClientSideComponentId association",
        "id": "b727f854-9c18-45da-906d-d8d2e8ff27f3",
        "version": "1.0.0.0",
        "assets": {
          "elementManifests": [
            "elements.xml"
          ]
        }
      }
    ]
  },
  "paths": {
    "zippedPackage": "solution/field-precent-customizer.sppkg"
  }
}
