{
  "$schema": "https://dev.office.com/json-schemas/core-build/serve.schema.json",
  "port": 4321,
  "https": true,
  "serveConfigurations": {
    "default": {
      "pageUrl": "https://contoso.sharepoint.com/sites/mySite/SitePages/myPage.aspx",
      "fieldCustomizers": {
        "InternalFieldName": {
          "id": "b7b49d8f-3a64-47a6-9702-22c2e69bf0fd",
          "properties": {
            "sampleText": "Value"
          }
        }
      }
    },
    "percentCustomizer": {
      "pageUrl": "https://contoso.sharepoint.com/sites/mySite/SitePages/myPage.aspx",
      "fieldCustomizers": {
        "InternalFieldName": {
          "id": "b7b49d8f-3a64-47a6-9702-22c2e69bf0fd",
          "properties": {
            "sampleText": "Value"
          }
        }
      }
    }
  }
}
